{"cameraMode":{"drawMode":0,"name":"Shaded","section":"Shading Mode"},"sceneLighting":true,"audioPlay":false,"sceneViewState":{"showFog":false,"showMaterialUpdate":false,"showSkybox":false,"showFlares":true,"showImageEffects":true,"showParticleSystems":true},"in2DMode":false,"pivot":{"x":3.681422472000122,"y":18.340063095092775,"z":8.619409561157227},"rotation":{"x":0.23373760282993318,"y":0.06120734289288521,"z":-0.014744972810149193,"w":0.9702593088150024},"size":26.571884155273439,"orthographic":true}